CTT,0.011402249344
ATG,0.031208515615
AAG,0.043832766480
AAA,0.022738902197
ATC,0.012843053548
AAC,0.017946546121
ATA,0.005173955407
AGG,0.012265269074
CCT,0.017902406502
CTC,0.011533475882
AGC,0.016574447699
ACA,0.015931674725
AGA,0.012096780693
CAT,0.011321345606
AAT,0.019499893900
ATT,0.013743261415
CTG,0.027961946783
CTA,0.007367271945
ACT,0.013002575670
CAC,0.010458514560
ACG,0.005997473466
CAA,0.012776720599
AGT,0.015074506462
CAG,0.044945439008
CCG,0.004694103835
CCC,0.010012262814
TAT,0.013048723579
GGT,0.017440108117
TGT,0.007499950246
CGA,0.008765008206
CCA,0.015114302968
TCT,0.017174896280
GAT,0.039222553444
CGG,0.008839096905
TTT,0.013290429400
TGC,0.005951784687
GGG,0.015181162097
TAG,0.000066722528
GGA,0.025745021454
TGG,0.006903737383
GGC,0.025542262823
TAC,0.011563582369
GAG,0.057941587829
TCG,0.003986254447
TTA,0.006631004651
TTG,0.009075735455
TCC,0.011236033510
GAA,0.036520695934
TCA,0.011328526242
GCA,0.018830853497
GTA,0.009091965412
GCC,0.019226464685
GTC,0.013523413829
GCG,0.007465116101
GTG,0.033466398302
TTC,0.011171660189
GTT,0.013466497852
GCT,0.021463707510
ACC,0.011408119403
TGA,0.000312294871
GAC,0.031082565252
CGT,0.006113500654
TAA,0.000079132993
CGC,0.006923769546
