ACC,0.015221309780
ATG,0.033738911553
AAG,0.038766558497
ACG,0.005485513050
ATC,0.016655758389
AAC,0.020272012391
ATA,0.005261483517
AGG,0.009424898924
CCT,0.022053815301
CTC,0.012312941597
AGC,0.011867488429
ACA,0.014230681818
AGA,0.010660633189
CAT,0.012044245843
AAT,0.020073103513
ATT,0.014704515401
CTG,0.025978156037
CTA,0.006114948695
ACT,0.014128040038
CAC,0.012064888968
AAA,0.021396336106
CCG,0.006513199789
AGT,0.009426498777
CAG,0.034949854208
CAA,0.012579537358
CCC,0.014938582352
TAT,0.017577227170
GGT,0.015567422842
TGT,0.007740731569
CGA,0.009608091816
CCA,0.017104896895
CGC,0.009975603648
GAT,0.052467586522
CGG,0.009805967821
CTT,0.011030105833
TGC,0.007779786741
GGG,0.015398759605
TAG,0.000189534328
GGA,0.023904482447
TAA,0.000373073518
GGC,0.022204143183
TAC,0.017910245655
TTC,0.016801059206
TCG,0.003680509593
TTT,0.016528178007
GAC,0.039987224910
TCC,0.012414550090
GAA,0.029726591751
TCA,0.009417695413
GCA,0.017212666390
GTA,0.006540352175
GCC,0.021606031805
GTC,0.012660794984
TGA,0.000836540720
GCG,0.007169149585
GTG,0.025782934766
GAG,0.037681082041
GTT,0.012300654799
GCT,0.020477187429
TTA,0.006314757856
TTG,0.011596944970
CGT,0.007697254016
TGG,0.010164104839
TCT,0.013902161535
