ACC,0.016664590884
ATG,0.028956902520
ACA,0.014613186294
AAA,0.019101281318
ATC,0.016070624543
AAC,0.019447206356
ATA,0.005656108929
AGG,0.011966691643
CCT,0.021272063852
ACT,0.012636508575
AGC,0.015811671895
AAG,0.033056401568
AGA,0.011540911635
CAT,0.014162534913
AAT,0.018333272067
ATT,0.012583956062
CTG,0.032300879050
CTA,0.006357379631
CTC,0.014941373026
CAC,0.016021428887
ACG,0.006563106153
CAA,0.014587917806
AGT,0.010613368843
CAG,0.039974020292
CCG,0.008356514677
CCC,0.019362046098
TAT,0.015474305599
GGT,0.011720602361
TGT,0.008970308988
CGA,0.008327717984
CCA,0.018813595496
CGC,0.010739246134
GAT,0.037329815389
CGG,0.011150958000
CTT,0.010958891839
TGC,0.010704963577
GGG,0.016246007096
TAG,0.000233631106
GGA,0.020592141502
TAA,0.000255221421
GGC,0.022769576183
TAC,0.018135799940
GAG,0.036575508054
TCG,0.004885641708
TTT,0.016182020626
TTG,0.011696867251
TCC,0.015215179742
GAA,0.027230901595
TCA,0.011306617229
GCA,0.016902813057
GTA,0.006116944822
GCC,0.024328409053
GTC,0.012653114735
GCG,0.008352661351
GTG,0.025605905226
TTC,0.018424476296
GTT,0.010512149307
GCT,0.017321446199
TTA,0.006524735532
TGA,0.000828997695
GAC,0.034746670763
CGT,0.004842221977
TGG,0.012474253832
TCT,0.013897733816
